{
  "total_anomalies": 569,
  "files": 347,
  "by_source": {
    "192.168.0.12": 308,
    "192.168.0.21": 174,
    "192.168.0.11": 73,
    "192.168.0.42": 14
  },
  "by_destination": {
    "192.168.0.11": 427,
    "192.168.0.12": 142
  },
  "score_distribution": {
    "min": -0.7061115394799429,
    "max": -0.6090665960615792,
    "mean": -0.6757966722101186,
    "median": -0.6770266060151937,
    "std": 0.026003101578443922
  }
}
