{
  "total_anomalies": 652,
  "files": 429,
  "by_source": {
    "192.168.0.12": 385,
    "192.168.0.21": 180,
    "192.168.0.11": 73,
    "192.168.0.42": 14
  },
  "by_destination": {
    "192.168.0.11": 510,
    "192.168.0.12": 142
  },
  "score_distribution": {
    "min": -0.7061115394799429,
    "max": -0.6090665960615792,
    "mean": -0.6789017730851505,
    "median": -0.7000244881038309,
    "std": 0.025616418021670133
  }
}
